{"cameraMode":{"drawMode":0,"name":"Shaded","section":"Shading Mode"},"sceneLighting":true,"audioPlay":false,"sceneViewState":{"m_AlwaysRefresh":false,"showFog":true,"showSkybox":true,"showFlares":true,"showImageEffects":true,"showParticleSystems":true,"showVisualEffectGraphs":true,"m_FxEnabled":true},"in2DMode":false,"pivot":{"x":-1.9768701791763306,"y":1.0004521608352662,"z":-2.7651257514953615},"rotation":{"x":-0.20896369218826295,"y":0.7775478959083557,"z":-0.32948389649391177,"w":-0.49313226342201235},"size":26.87265396118164,"orthographic":false}