{"cameraMode":{"drawMode":0,"name":"Shaded","section":"Shading Mode"},"sceneLighting":true,"audioPlay":false,"sceneViewState":{"m_AlwaysRefresh":false,"showFog":true,"showSkybox":true,"showFlares":true,"showImageEffects":true,"showParticleSystems":true,"showVisualEffectGraphs":true,"m_FxEnabled":true},"in2DMode":false,"pivot":{"x":-0.2799406051635742,"y":1.4595164060592652,"z":0.1010180413722992},"rotation":{"x":0.27235233783721926,"y":0.6544830799102783,"z":-0.27432119846343996,"w":0.6497856378555298},"size":1.0017472505569459,"orthographic":false}